{
    "saveFolder": "./data/",
    "model": "chaotic",
    "beta": 0,
    "sigma": 0.03,
    "realizations": 100,
    "integratorOrder": 2,
    "hbar": 1.0,
    "S": 20,
    "J0": [1.0, 1.0, 0.5],
    "A0": [0.0, 0.0, 0.0],
    "J1": [0.5, 3.14159265359, 1.6487212707],
    "A1": [1.77245385091, 1.73205080757, 2.71828182846],
    "J": [0.5, 3.14159265359, 1.6487212707],
    "A": [7.08981540362, 6.92820323028, 10.8731273138],
    "dt": 0.001
}